participant_id,d_score,mean_A,mean_B
etf2b33s,0.29381902496394163,820.6363636363636,990.0
