text_authorship,mean,std,count
AI,383.7158736688148,158.59785297605228,11
human,436.7385326574011,178.62038589343896,10
